Mutation,Count,Percentage
S:D614G,340,99.70674486803519
S:T478K,338,99.12023460410558
S:P681H,209,61.29032258064516
S:N679K,208,60.997067448680355
S:K417N,207,60.70381231671554
S:S373P,207,60.70381231671554
S:E484A,207,60.70381231671554
S:S375F,207,60.70381231671554
S:Q493R,207,60.70381231671554
S:S477N,207,60.70381231671554
S:N440K,207,60.70381231671554
S:Q498R,207,60.70381231671554
S:N501Y,207,60.70381231671554
S:Y505H,207,60.70381231671554
S:H655Y,207,60.70381231671554
S:G339D,205,60.117302052785924
S:S371L,204,59.82404692082112
S:G446S,204,59.82404692082112
S:G496S,204,59.82404692082112
S:T547K,204,59.82404692082112
S:R346K,187,54.83870967741935
S:N969K,152,44.57478005865102
S:Q954H,147,43.10850439882698
S:L981F,143,41.935483870967744
S:N764K,141,41.348973607038126
S:D796Y,138,40.469208211143695
S:G142D,133,39.002932551319645
S:N856K,132,38.70967741935484
S:L452R,132,38.70967741935484
S:T19R,131,38.41642228739003
S:P681R,131,38.41642228739003
S:D950N,131,38.41642228739003
S:R158G,130,38.12316715542522
S:T95I,53,15.542521994134898
S:A67V,45,13.196480938416421
S:Y145D,42,12.316715542521994
S:L212I,40,11.730205278592376
S:P25S,3,0.8797653958944283
S:K1073T,3,0.8797653958944283
S:R408S,3,0.8797653958944283
S:H1083Y,3,0.8797653958944283
S:T19I,3,0.8797653958944283
S:A27S,3,0.8797653958944283
S:D405N,3,0.8797653958944283
S:T376A,3,0.8797653958944283
S:S371F,3,0.8797653958944283
S:V213G,3,0.8797653958944283
S:M1237I,3,0.8797653958944283
S:T547I,2,0.5865102639296188
S:V6F,2,0.5865102639296188
S:T676I,2,0.5865102639296188
S:L5F,2,0.5865102639296188
S:G181V,2,0.5865102639296188
S:V483F,2,0.5865102639296188
S:M1229I,1,0.2932551319648094
S:G72V,1,0.2932551319648094
S:Q1201K,1,0.2932551319648094
S:V1264L,1,0.2932551319648094
S:P25T,1,0.2932551319648094
S:L18F,1,0.2932551319648094
S:A701V,1,0.2932551319648094
S:A570D,1,0.2932551319648094
S:K77N,1,0.2932551319648094
S:T716I,1,0.2932551319648094
S:S982A,1,0.2932551319648094
S:D1118H,1,0.2932551319648094
S:V16F,1,0.2932551319648094
S:T208M,1,0.2932551319648094
S:G1124V,1,0.2932551319648094
S:A222S,1,0.2932551319648094
S:E654V,1,0.2932551319648094
S:L1265P,1,0.2932551319648094
S:D80G,1,0.2932551319648094
S:Y144F,1,0.2932551319648094
S:F157S,1,0.2932551319648094
S:T859N,1,0.2932551319648094
S:D950H,1,0.2932551319648094
S:S939F,1,0.2932551319648094
S:P1263L,1,0.2932551319648094
S:E154D,1,0.2932551319648094
S:Q271E,1,0.2932551319648094
S:S494P,1,0.2932551319648094
S:D228H,1,0.2932551319648094
S:A344S,1,0.2932551319648094
S:G446V,1,0.2932551319648094
S:I850L,1,0.2932551319648094
S:I1221T,1,0.2932551319648094
